,Epoch,Train_loss,Test_loss,Time
0,0,0.9857701,0.96643066,7.456319808959961
1,2,0.9859794,0.9671631,7.515078067779541
2,4,0.986363,0.96691895,7.609392404556274
