,Epoch,Train_loss,Test_loss,Time
0,0,0.9078369,0.90185547,7.553023815155029
