,Epoch,Train_loss,Test_loss,Time
0,0,0.7816337,0.7774658,7.567811727523804
