,Epoch,Train_loss,Test_loss,Time
0,0,0.92360145,0.91345215,7.377065181732178
1,2,0.9240897,0.9141846,7.406266689300537
2,4,0.92424667,0.91503906,7.390639543533325
