,Epoch,Train_loss,Test_loss,Time
0,0,0.09844099,0.09692383,7.549413442611694
1,2,0.09872001,0.09692383,7.437516212463379
2,4,0.099016465,0.09692383,7.4218878746032715
