,Epoch,Train_loss,Test_loss,Time
0,0,0.8877825,0.88671875,7.6852381229400635
