,Epoch,Train_loss,Test_loss,Time
0,0,0.9341169,0.9189453,7.409137010574341
1,2,0.93418664,0.9189453,7.703136444091797
2,4,0.9341169,0.9187012,7.437518119812012
