,Epoch,Train_loss,Test_loss,Time
0,0,0.38771275,0.38256836,7.564270496368408
1,2,0.7165876,0.71191406,7.375011444091797
2,4,0.7452044,0.74243164,7.437451362609863
