,Epoch,Train_loss,Test_loss,Time
0,0,0.09915597,0.09692383,7.567471027374268
1,2,0.09875488,0.09692383,7.484389543533325
2,4,0.09915597,0.09692383,7.437517166137695
