,Epoch,Train_loss,Test_loss,Time
0,0,0.90748817,0.90319824,7.440587997436523
