,Epoch,Train_loss,Test_loss,Time
0,0,0.9964948,0.97387695,7.581148624420166
1,2,0.9964076,0.9737549,7.468764781951904
2,4,0.9964425,0.9741211,7.437516450881958
