,Epoch,Train_loss,Test_loss,Time
0,0,0.98566544,0.97143555,7.378174781799316
1,2,0.98629326,0.97180176,7.468768358230591
2,4,0.9870431,0.97216797,7.359392166137695
