,Epoch,Train_loss,Test_loss,Time
0,0,0.9881592,0.9720459,7.424628496170044
1,2,0.9919608,0.9733887,7.390639066696167
2,4,0.9938965,0.9753418,7.500011205673218
