,Epoch,Train_loss,Test_loss,Time
0,0,0.95439804,0.94592285,7.409514427185059
1,2,0.9547119,0.9454346,7.515643119812012
2,4,0.95532227,0.94555664,7.375016927719116
