,Epoch,Train_loss,Test_loss,Time
0,0,0.77188545,0.7751465,7.712103605270386
