,Epoch,Train_loss,Test_loss,Time
0,0,0.64782715,0.64172363,7.361016750335693
1,2,0.8678153,0.8638916,7.421897888183594
2,4,0.9104701,0.9034424,7.500014543533325
