,Epoch,Train_loss,Test_loss,Time
0,0,0.94895715,0.9370117,7.534112930297852
1,2,0.9484863,0.9370117,7.500018358230591
2,4,0.9487828,0.9370117,7.3281426429748535
