,Epoch,Train_loss,Test_loss,Time
0,0,0.8624965,0.8613281,9.959690570831299
