,Epoch,Train_loss,Test_loss,Time
0,0,0.91034806,0.90515137,7.581961393356323
