,Epoch,Train_loss,Test_loss,Time
0,0,0.9100342,0.9057617,7.830309152603149
