,Epoch,Train_loss,Test_loss,Time
0,0,0.9964251,0.97387695,7.534448862075806
1,2,0.9964251,0.9741211,7.296890497207642
2,4,0.9963902,0.9741211,7.421889781951904
