,Epoch,Train_loss,Test_loss,Time
0,0,0.97652763,0.96484375,7.471687078475952
1,2,0.9772426,0.96398926,7.3906402587890625
2,4,0.9774867,0.9637451,7.718759059906006
