,Epoch,Train_loss,Test_loss,Time
0,0,0.9636579,0.9560547,7.728938579559326
1,2,0.96379745,0.9567871,7.495251178741455
