,Epoch,Train_loss,Test_loss,Time
0,0,0.9117955,0.8951416,7.47142481803894
1,2,0.9132429,0.89697266,7.3750159740448
2,4,0.9145333,0.89941406,7.421891689300537
