,Epoch,Train_loss,Test_loss,Time
0,0,0.9844796,0.97058105,7.393332004547119
1,2,0.9845668,0.97106934,7.531266212463379
2,4,0.98481095,0.97143555,7.437515020370483
