,Epoch,Train_loss,Test_loss,Time
0,0,0.8938163,0.8897705,7.423725605010986
1,2,0.9577288,0.9499512,7.484393835067749
2,4,0.96972656,0.95666504,7.406266450881958
