,Epoch,Train_loss,Test_loss,Time
0,0,0.9850551,0.9661865,7.424810171127319
1,2,0.98526436,0.9661865,7.2656426429748535
2,4,0.9852992,0.9659424,7.390641450881958
