,Epoch,Train_loss,Test_loss,Time
0,0,0.9958496,0.97424316,7.347041368484497
1,2,0.9959717,0.97387695,7.562462568283081
2,4,0.99635535,0.97387695,7.43751859664917
