,Epoch,Train_loss,Test_loss,Time
0,0,0.9851074,0.9659424,7.315126895904541
1,2,0.9855085,0.9661865,7.406265735626221
2,4,0.98538643,0.96606445,7.500014305114746
