,Epoch,Train_loss,Test_loss,Time
0,0,0.099121094,0.09692383,7.393348455429077
1,2,0.09898158,0.09692383,7.3593926429748535
2,4,0.099138536,0.09692383,7.421892404556274
