,Epoch,Train_loss,Test_loss,Time
0,0,0.892055,0.88952637,7.611222267150879
