,Epoch,Train_loss,Test_loss,Time
0,0,0.9443708,0.9334717,8.112719535827637
1,2,0.9462367,0.93518066,7.65627121925354
2,4,0.9481201,0.9375,7.468701362609863
