,Epoch,Train_loss,Test_loss,Time
0,0,0.7868478,0.7828369,7.63027286529541
