,Epoch,Train_loss,Test_loss,Time
0,0,0.9862584,0.9663086,7.4872729778289795
1,2,0.9861712,0.9667969,7.359392404556274
2,4,0.9862235,0.9663086,7.390643835067749
