,Epoch,Train_loss,Test_loss,Time
0,0,0.09854562,0.09692383,7.361990213394165
1,2,0.09884208,0.09692383,7.421896934509277
2,4,0.098231725,0.09692383,7.359460115432739
