,Epoch,Train_loss,Test_loss,Time
0,0,0.9086914,0.9029541,7.5703089237213135
