,Epoch,Train_loss,Test_loss,Time
0,0,0.8629674,0.8597412,7.549131393432617
