,Epoch,Train_loss,Test_loss,Time
0,0,0.09856306,0.09692383,7.455995798110962
1,2,0.0988072,0.09692383,7.46876335144043
2,4,0.09885951,0.09692383,7.465691566467285
