,Epoch,Train_loss,Test_loss,Time
0,0,0.098650254,0.09692383,7.439880609512329
1,2,0.0988072,0.09692383,7.390646457672119
2,4,0.09898158,0.09692383,7.5156426429748535
