,Epoch,Train_loss,Test_loss,Time
0,0,0.90996444,0.9061279,7.531430721282959
