,Epoch,Train_loss,Test_loss,Time
0,0,0.9630999,0.9515381,7.443354368209839
1,2,0.96313477,0.9515381,7.895983457565308
2,4,0.9633789,0.9515381,7.484391689300537
