,Epoch,Train_loss,Test_loss,Time
0,0,0.7708217,0.76501465,7.474083185195923
