,Epoch,Train_loss,Test_loss,Time
0,0,0.9340297,0.9189453,7.565400123596191
1,2,0.9339251,0.9193115,7.390644550323486
2,4,0.9341169,0.9193115,7.453143119812012
