,Epoch,Train_loss,Test_loss,Time
0,0,0.8934326,0.89245605,10.328389644622803
1,2,0.9378837,0.9321289,8.031269311904907
2,4,0.9488177,0.94091797,7.437519550323486
