,Epoch,Train_loss,Test_loss,Time
0,0,0.9327916,0.9190674,7.549603462219238
1,2,0.93310547,0.91882324,7.421892404556274
2,4,0.93284386,0.9182129,7.593768119812012
