,Epoch,Train_loss,Test_loss,Time
0,0,0.97776574,0.96240234,7.34653115272522
1,2,0.98179406,0.96484375,7.484392166137695
2,4,0.98385185,0.96569824,7.390644788742065
