,Epoch,Train_loss,Test_loss,Time
0,0,0.93310547,0.92004395,7.364229440689087
1,2,0.93265206,0.91955566,7.390639543533325
2,4,0.9327218,0.9194336,7.375018358230591
