,Epoch,Train_loss,Test_loss,Time
0,0,0.9642334,0.95251465,7.831156492233276
1,2,0.9640416,0.9526367,7.609391212463379
2,4,0.96388465,0.95214844,7.46876859664917
