,Epoch,Train_loss,Test_loss,Time
0,0,0.09896415,0.09692383,7.424733638763428
1,2,0.098824635,0.09692383,7.4218950271606445
2,4,0.09872001,0.09692383,7.390640497207642
