,Epoch,Train_loss,Test_loss,Time
0,0,0.9100342,0.90405273,7.510801076889038
