,Epoch,Train_loss,Test_loss,Time
0,0,0.09884208,0.09692383,7.487043380737305
1,2,0.099121094,0.09692383,7.562516212463379
2,4,0.098894395,0.09692383,7.625015735626221
