,Epoch,Train_loss,Test_loss,Time
0,0,0.9534389,0.944458,7.424952745437622
1,2,0.9538749,0.944458,7.390638113021851
2,4,0.9538923,0.9449463,7.421956300735474
