,Epoch,Train_loss,Test_loss,Time
0,0,0.9635882,0.9515381,7.283800363540649
1,2,0.9634138,0.95202637,7.343761920928955
2,4,0.9638497,0.95214844,7.343765497207642
