,Epoch,Train_loss,Test_loss,Time
0,0,0.97535926,0.96435547,7.556885480880737
1,2,0.9753418,0.96435547,7.506296873092651
