,Epoch,Train_loss,Test_loss,Time
0,0,0.8953683,0.8934326,7.965243577957153
