,Epoch,Train_loss,Test_loss,Time
0,0,0.97441757,0.9641113,7.687679767608643
1,2,0.97527206,0.96398926,7.485847234725952
