,Epoch,Train_loss,Test_loss,Time
0,0,0.97584754,0.96325684,7.361989736557007
1,2,0.9760742,0.96398926,7.468767166137695
2,4,0.9764579,0.96398926,7.43751859664917
