,Epoch,Train_loss,Test_loss,Time
0,0,0.99523926,0.97387695,7.362237930297852
1,2,0.99532646,0.9741211,7.500014066696167
2,4,0.995309,0.973999,7.390644788742065
