,Epoch,Train_loss,Test_loss,Time
0,0,0.9044713,0.90270996,10.325278520584106
1,2,0.95401436,0.94628906,7.520941734313965
