,Epoch,Train_loss,Test_loss,Time
0,0,0.9950126,0.9741211,7.471979141235352
1,2,0.9951172,0.9737549,7.390641927719116
2,4,0.9949951,0.97424316,7.359392166137695
