,Epoch,Train_loss,Test_loss,Time
0,0,0.7760882,0.77282715,7.4960103034973145
