,Epoch,Train_loss,Test_loss,Time
0,0,0.92171806,0.9116211,7.566527366638184
1,2,0.9222761,0.9127197,7.4687676429748535
2,4,0.9227992,0.91296387,7.484390735626221
