,Epoch,Train_loss,Test_loss,Time
0,0,0.9862584,0.9666748,7.456160545349121
1,2,0.98648506,0.9666748,7.54689359664917
2,4,0.9862235,0.96691895,7.296886444091797
