,Epoch,Train_loss,Test_loss,Time
0,0,0.9212821,0.90441895,7.346785068511963
1,2,0.93699425,0.92285156,7.437462568283081
2,4,0.94226074,0.92907715,7.546888828277588
