,Epoch,Train_loss,Test_loss,Time
0,0,0.9674247,0.95739746,7.929754257202148
1,2,0.9722726,0.96240234,7.530938625335693
