,Epoch,Train_loss,Test_loss,Time
0,0,0.8385707,0.83325195,8.065177202224731
1,2,0.8402448,0.8352051,7.437517881393433
2,4,0.84202355,0.8359375,7.531268835067749
