,Epoch,Train_loss,Test_loss,Time
0,0,0.9488002,0.93725586,7.440809011459351
1,2,0.94904435,0.9371338,7.546820878982544
2,4,0.9491839,0.9375,7.328141450881958
