,Epoch,Train_loss,Test_loss,Time
0,0,0.9755336,0.96435547,7.637726068496704
1,2,0.97535926,0.9645996,7.593774318695068
