,Epoch,Train_loss,Test_loss,Time
0,0,0.9094413,0.9049072,7.524562835693359
