,Epoch,Train_loss,Test_loss,Time
0,0,0.89746094,0.8959961,7.66550612449646
