,Epoch,Train_loss,Test_loss,Time
0,0,0.7868129,0.7832031,7.484564304351807
