,Epoch,Train_loss,Test_loss,Time
0,0,0.8449707,0.83825684,7.487237453460693
1,2,0.84868515,0.8411865,7.35932731628418
2,4,0.8521031,0.8441162,7.484391450881958
