,Epoch,Train_loss,Test_loss,Time
0,0,0.9566302,0.9473877,7.3623011112213135
1,2,0.95936805,0.9499512,7.625020742416382
2,4,0.9616699,0.951416,7.3125200271606445
