,Epoch,Train_loss,Test_loss,Time
0,0,0.9266532,0.92333984,7.580950975418091
1,2,0.9677037,0.96069336,7.2968926429748535
2,4,0.98064315,0.96777344,7.5781378746032715
