,Epoch,Train_loss,Test_loss,Time
0,0,0.8355364,0.82910156,7.737238645553589
1,2,0.8360596,0.8312988,7.734393358230591
2,4,0.8376988,0.83166504,7.625016927719116
