,Epoch,Train_loss,Test_loss,Time
0,0,0.9243164,0.913208,7.3936028480529785
1,2,0.92933875,0.9147949,7.7812700271606445
2,4,0.9308036,0.9165039,7.421889543533325
