,Epoch,Train_loss,Test_loss,Time
0,0,0.9742257,0.9638672,7.877976655960083
1,2,0.97445244,0.9638672,9.134761095046997
