,Epoch,Train_loss,Test_loss,Time
0,0,0.58382744,0.5731201,7.688907623291016
