,Epoch,Train_loss,Test_loss,Time
0,0,0.89746094,0.895874,8.29409909248352
