,Epoch,Train_loss,Test_loss,Time
0,0,0.9630127,0.9519043,7.409544944763184
1,2,0.963501,0.9517822,7.625016450881958
2,4,0.9630127,0.9517822,7.343769311904907
