,Epoch,Train_loss,Test_loss,Time
0,0,0.9743129,0.96362305,7.833850383758545
1,2,0.97445244,0.9647217,7.550692796707153
