,Epoch,Train_loss,Test_loss,Time
0,0,0.09905134,0.09692383,7.377519130706787
1,2,0.09884208,0.09692383,7.546892166137695
2,4,0.09899902,0.09692383,7.484390497207642
