,Epoch,Train_loss,Test_loss,Time
0,0,0.9326869,0.9193115,7.301498174667358
1,2,0.93331474,0.91833496,7.4531378746032715
2,4,0.9340297,0.91955566,7.515640497207642
