,Epoch,Train_loss,Test_loss,Time
0,0,0.96437293,0.95703125,7.819633483886719
1,2,0.9648786,0.9572754,8.516638278961182
