,Epoch,Train_loss,Test_loss,Time
0,0,0.90799385,0.9033203,7.852416038513184
