,Epoch,Train_loss,Test_loss,Time
0,0,0.9637626,0.9530029,7.377628326416016
1,2,0.9639369,0.9526367,7.531265497207642
2,4,0.9640241,0.9527588,7.8125176429748535
