,Epoch,Train_loss,Test_loss,Time
0,0,0.91081893,0.9046631,7.604194641113281
